A1;u13000
A2;u13001
A3;u13002
A4;u13003
A5;u13004
A5A;u13005
A6;u13006
A6A;u13007
A6B;u13008
A7;u13009
A8;u1300a
A9;u1300b
A10;u1300c
A11;u1300d
A12;u1300e
A13;u1300f
A14;u13010
A14A;u13011
A15;u13012
A16;u13013
A17;u13014
A17A;u13015
A18;u13016
A19;u13017
A20;u13018
A21;u13019
A22;u1301a
A23;u1301b
A24;u1301c
A25;u1301d
A26;u1301e
A27;u1301f
A28;u13020
A29;u13021
A30;u13022
A31;u13023
A32;u13024
A32A;u13025
A33;u13026
A34;u13027
A35;u13028
A36;u13029
A37;u1302a
A38;u1302b
A39;u1302c
A40;u1302d
A40A;u1302e
A41;u1302f
A42;u13030
A42A;u13031
A43;u13032
A43A;u13033
A44;u13034
A45;u13035
A45A;u13036
A46;u13037
A47;u13038
A48;u13039
A49;u1303a
A50;u1303b
A51;u1303c
A52;u1303d
A53;u1303e
A54;u1303f
A55;u13040
A56;u13041
A57;u13042
A58;u13043
A59;u13044
A60;u13045
A61;u13046
A62;u13047
A63;u13048
A66;u1304b
A67;u1304c
A68;u1304d
A69;u1304e
B1;u13050
B2;u13051
B3;u13052
B4;u13053
B5;u13054
B5A;u13055
B6;u13056
B7;u13057
B8;u13058
B9;u13059
C1;u1305a
C2;u1305b
C2A;u1305c
C2B;u1305d
C2C;u1305e
C3;u1305f
C4;u13060
C5;u13061
C6;u13062
C7;u13063
C8;u13064
C9;u13065
C10;u13066
C10A;u13067
C11;u13068
C12;u13069
C14;u1306b
C17;u1306e
C18;u1306f
C19;u13070
C20;u13071
C21;u13072
C22;u13073
C23;u13074
C24;u13075
D1;u13076
D2;u13077
D3;u13078
D4;u13079
D5;u1307a
D6;u1307b
D7;u1307c
D8;u1307d
D8A;u1307e
D9;u1307f
D10;u13080
D11;u13081
D12;u13082
D13;u13083
D14;u13084
D15;u13085
D16;u13086
D17;u13087
D18;u13088
D19;u13089
D20;u1308a
D21;u1308b
D22;u1308c
D23;u1308d
D24;u1308e
D25;u1308f
D26;u13090
D27;u13091
D27A;u13092
D28;u13093
D29;u13094
D30;u13095
D31;u13096
D32;u13098
D33;u13099
D34;u1309a
D34A;u1309b
D35;u1309c
D36;u1309d
D37;u1309e
D38;u1309f
D39;u130a0
D40;u130a1
D41;u130a2
D42;u130a3
D43;u130a4
D44;u130a5
D45;u130a6
D46;u130a7
D46A;u130a8
D47;u130a9
D48;u130aa
D49;u130ac
D50;u130ad
D50A;u130ae
D51;u130b7
D52;u130b8
D52A;u130b9
D53;u130ba
D54;u130bb
D55;u130bd
D56;u130be
D57;u130bf
D58;u130c0
D59;u130c1
D60;u130c2
D61;u130c3
D62;u130c4
D63;u130c5
D65;u130c7
D67;u130c9
E1;u130d2
E2;u130d3
E3;u130d4
E4;u130d5
E5;u130d6
E6;u130d7
E7;u130d8
E8;u130d9
E8A;u130da
E9;u130db
E9A;u130dc
E10;u130dd
E11;u130de
E12;u130df
E13;u130e0
E14;u130e1
E15;u130e2
E16;u130e3
E16A;u130e4
E17;u130e5
E17A;u130e6
E18;u130e7
E19;u130e8
E20;u130e9
E20A;u130ea
E21;u130eb
E22;u130ec
E23;u130ed
E24;u130ee
E25;u130ef
E26;u130f0
E27;u130f1
E28;u130f2
E29;u130f4
E30;u130f5
E31;u130f6
E32;u130f7
E33;u130f8
E34;u130f9
E34A;u130fa
E36;u130fb
E37;u130fc
E38;u130fd
F1;u130fe
F1A;u130ff
F2;u13100
F3;u13101
F4;u13102
F5;u13103
F6;u13104
F7;u13105
F8;u13106
F9;u13107
F10;u13108
F11;u13109
F12;u1310a
F13;u1310b
F13A;u1310c
F14;u1310d
F15;u1310e
F16;u1310f
F17;u13110
F18;u13111
F19;u13112
F20;u13113
F21;u13114
F21A;u13115
F22;u13116
F23;u13117
F24;u13118
F25;u13119
F26;u1311a
F27;u1311b
F28;u1311c
F29;u1311d
F30;u1311e
F31;u1311f
F31A;u13120
F32;u13121
F33;u13122
F34;u13123
F35;u13124
F36;u13125
F37;u13126
F37A;u13127
F38;u13128
F38A;u13129
F39;u1312a
F40;u1312b
F41;u1312c
F42;u1312d
F43;u1312e
F44;u1312f
F45;u13130
F46;u13132
F46A;u13133
F47;u13134
F47A;u13135
F48;u13136
F49;u13137
F50;u13138
F51;u13139
F51A;u1313a
F51B;u1313b
F51C;u1313c
F52;u1313d
F53;u1313e
F16;u1310f
F17;u13110
F18;u13111
G1;u1313f
G2;u13140
G3;u13141
G4;u13142
G5;u13143
G6;u13144
G7;u13146
G7A;u13147
G7B;u13148
G8;u13149
G9;u1314a
G10;u1314b
G11;u1314c
G12;u1314e
G13;u1314f
G14;u13150
G15;u13151
G16;u13152
G17;u13153
G18;u13154
G19;u13155
G20;u13156
G20A;u13157
G21;u13158
G22;u13159
G23;u1315a
G24;u1315b
G25;u1315c
G26;u1315d
G26A;u1315e
G27;u1315f
G28;u13160
G29;u13161
G30;u13162
G31;u13163
G32;u13164
G33;u13165
G34;u13166
G35;u13167
G36;u13168
G37;u1316a
G38;u1316c
G39;u1316d
G40;u1316e
G41;u1316f
G42;u13170
G43;u13171
G43A;u13172
G44;u13173
G45;u13174
G46;u13176
G47;u13177
G48;u13178
G49;u13179
G50;u1317a
G51;u1317b
G52;u1317c
G53;u1317d
G54;u1317e
H1;u1317f
H2;u13180
H3;u13181
H4;u13182
H5;u13183
H6;u13184
H6A;u13185
H7;u13186
H8;u13187
I1;u13188
I2;u13189
I3;u1318a
I4;u1318b
I5;u1318c
I5A;u1318d
I6;u1318e
I7;u1318f
I8;u13190
I9;u13191
I9A;u13192
I10;u13193
I10A;u13194
I11;u13195
I12;u13197
I13;u13198
I14;u13199
I15;u1319a
K1;u1319b
K2;u1319c
K3;u1319d
K4;u1319e
K5;u1319f
K6;u131a0
K7;u131a1
K8;u131a2
L1;u131a3
L2;u131a4
L3;u131a6
L4;u131a7
L5;u131a8
L6;u131a9
L7;u131ab
P1;u1329b
P1A;u1329c
P2;u1329d
P3;u1329e
P3A;u1329f
P4;u132a0
P5;u132a1
P6;u132a2
P7;u132a3
P8;u132a4
P9;u132a5
P10;u132a6
P11;u132a7
M1;u131ad
M1A;u131ae
M1B;u131af
M2;u131b0
M3;u131b1
M3A;u131b2
M4;u131b3
M5;u131b4
M6;u131b5
M7;u131b6
M8;u131b7
M9;u131b8
M10;u131b9
M11;u131bb
M12;u131bc
M12A;u131bd
M12B;u131be
M13;u131c5
M14;u131c6
M15;u131c7
M15A;u131c8
M16;u131c9
M16A;u131ca
M17;u131cb
M17A;u131cc
M18;u131cd
M19;u131ce
M20;u131cf
M21;u131d0
M22;u131d1
M22A;u131d2
M23;u131d3
M24;u131d4
M24A;u131d5
M25;u131d6
M26;u131d7
M27;u131d8
M28;u131d9
M29;u131db
M30;u131dc
M31;u131dd
M31A;u131de
M32;u131df
M33;u131e0
M33A;u131e1
M33B;u131e2
M34;u131e3
M35;u131e4
M36;u131e5
M37;u131e6
M38;u131e7
M39;u131e8
M40;u131e9
M40A;u131ea
M41;u131eb
M42;u131ec
M43;u131ed
M44;u131ee
N1;u131ef
N2;u131f0
N3;u131f1
N4;u131f2
N5;u131f3
N6;u131f4
N7;u131f5
N8;u131f6
N9;u131f7
N10;u131f8
N11;u131f9
N12;u131fa
N13;u131fb
N14;u131fc
N15;u131fd
N16;u131fe
N17;u131ff
N18;u13200
N18A;u13201
N19;u13203
N20;u13204
N21;u13205
N22;u13206
N23;u13207
N24;u13208
N25;u13209
N26;u1320b
N27;u1320c
N28;u1320d
N29;u1320e
N30;u1320f
N31;u13210
N32;u13211
N33;u13212
N33A;u13213
N34;u13214
N34A;u13215
N35;u13216
N35A;u13217
N36;u13218
N37;u13219
N37A;u1321a
N38;u1321b
N39;u1321c
N40;u1321d
N41;u1321e
N42;u1321f
O1;u13250
O2;u13252
O3;u13253
O4;u13254
O5;u13255
O6;u13257
O6A;u13258
O6B;u13259
O6C;u1325a
O6D;u1325b
O7;u1325e
O8;u1325f
O9;u13260
O10;u13261
O11;u13265
O12;u13266
O13;u13267
O14;u13268
O15;u13269
O16;u1326a
O17;u1326b
O18;u1326c
O19;u1326d
O19A;u1326e
O20;u1326f
O20A;u13270
O21;u13271
O22;u13272
O23;u13273
O24;u13274
O24A;u13275
O25;u13276
O26;u13278
O27;u13279
O28;u1327a
O29;u1327b
O30;u1327d
O31;u1327f
O32;u13280
O33;u13281
O33A;u13282
O34;u13283
O35;u13284
O36;u13285
O36A;u13286
O36B;u13287
O36C;u13288
O36D;u13289
O37;u1328a
O38;u1328b
O39;u1328c
O40;u1328d
O41;u1328e
O42;u1328f
O43;u13290
O44;u13291
O45;u13292
O46;u13293
O47;u13294
O48;u13295
O49;u13296
O50;u13297
O51;u1329a
Q1;u132a8
Q2;u132a9
Q3;u132aa
Q4;u132ab
Q5;u132ac
Q6;u132ad
Q7;u132ae
R1;u132af
R2;u132b0
R2A;u132b1
R3;u132b2
R3A;u132b3
R3B;u132b4
R4;u132b5
R5;u132b6
R6;u132b7
R7;u132b8
R8;u132b9
R9;u132ba
R10;u132bb
R10A;u132bc
R11;u132bd
R12;u132be
R13;u132bf
R14;u132c0
R15;u132c1
R16;u132c2
R16A;u132c3
R17;u132c4
R18;u132c5
R19;u132c6
R20;u132c7
R21;u132c8
R22;u132c9
R23;u132ca
R24;u132cb
R25;u132cc
R26;u132cd
R27;u132ce
R28;u132cf
R29;u132d0
S1;u132d1
S2;u132d2
S2A;u132d3
S3;u132d4
S4;u132d5
S5;u132d6
S6;u132d7
S7;u132d9
S8;u132da
S9;u132db
S10;u132dc
S11;u132dd
S12;u132de
S13;u132df
S14;u132e0
S14A;u132e1
S14B;u132e2
S15;u132e3
S16;u132e4
S17;u132e5
S17A;u132e6
S18;u132e7
S19;u132e8
S20;u132e9
S21;u132ea
S21;u132ea
S22;u132eb
S23;u132ec
S24;u132ed
S25;u132ee
S26;u132ef
S27;u132f2
S28;u132f3
S29;u132f4
S30;u132f5
S31;u132f6
S32;u132f7
S33;u132f8
S34;u132f9
S35;u132fa
S36;u132fc
S37;u132fd
S38;u132fe
S39;u132ff
S40;u13300
S41;u13301
S42;u13302
S43;u13303
S44;u13304
S45;u13305
S46;u13306
T1;u13307
T2;u13308
T3;u13309
T3A;u1330a
T4;u1330b
T5;u1330c
T6;u1330d
T7;u1330e
T7A;u1330f
T8;u13310
T8A;u13311
T9;u13312
T9A;u13313
T10;u13314
T11;u13315
T11A;u13316
T12;u13317
T13;u13318
T14;u13319
T15;u1331a
T16;u1331b
T16A;u1331c
T17;u1331d
T18;u1331e
T19;u1331f
T20;u13320
T21;u13321
T22;u13322
T23;u13323
T24;u13324
T25;u13325
T26;u13326
T27;u13327
T28;u13328
T29;u13329
T30;u1332a
T31;u1332b
T32;u1332c
T32A;u1332d
T33;u1332e
T33A;u1332f
T34;u13330
T35;u13331
T36;u13332
U1;u13333
U2;u13334
U3;u13335
U4;u13336
U5;u13337
U6;u13338
U7;u1333b
U8;u1333c
U9;u1333d
U10;u1333e
U11;u1333f
U12;u13340
U13;u13341
U14;u13342
U15;u13343
U16;u13344
U17;u13345
U18;u13346
U19;u13347
U20;u13348
U21;u13349
U22;u1334a
U23;u1334b
U23A;u1334c
U24;u1334d
U25;u1334e
U26;u1334f
U27;u13350
U28;u13351
U29;u13352
U29A;u13353
U30;u13354
U31;u13355
U32;u13356
U32A;u13357
U33;u13358
U34;u13359
U35;u1335a
U36;u1335b
U37;u1335c
U38;u1335d
U39;u1335e
U40;u1335f
U41;u13360
V1;u13362
V2;u1336c
V2A;u1336d
V3;u1336e
V4;u1336f
V5;u13370
V6;u13371
V7;u13372
V8;u13375
V9;u13376
V10;u13377
V11;u13378
V11A;u13379
V12;u1337c
V13;u1337f
V14;u13380
V15;u13381
V16;u13382
V17;u13383
V18;u13384
V19;u13385
V20;u13386
V21;u13393
V22;u13394
V23;u13395
V23A;u13396
V24;u13397
V25;u13398
V26;u13399
V27;u1339a
V28;u1339b
V28A;u1339c
V29;u1339d
V29A;u1339e
V30;u1339f
V31;u133a1
V31A;u133a2
V32;u133a3
V33;u133a4
V34;u133a6
V35;u133a7
V36;u133a8
V37;u133a9
V38;u133ab
V39;u133ac
V40;u133ad
W1;u133af
W2;u133b0
W3;u133b1
W3A;u133b2
W4;u133b3
W5;u133b4
W6;u133b5
W7;u133b6
W8;u133b7
W9;u133b8
W9A;u133b9
W10;u133ba
W10A;u133bb
W11;u133bc
W12;u133bd
W13;u133be
W14;u133bf
W14A;u133c0
W15;u133c1
W16;u133c2
W17;u133c3
W17A;u133c4
W18;u133c5
W18A;u133c6
W19;u133c7
W20;u133c8
W21;u133c9
W22;u133ca
W23;u133cb
W24;u133cc
W25;u133ce
X1;u133cf
X2;u133d0
X3;u133d1
X4;u133d2
X4A;u133d3
X4B;u133d4
X5;u133d5
X6;u133d6
X6A;u133d7
X7;u133d8
X8;u133d9
Y1;u133db
Y2;u133dd
Y3;u133de
Y4;u133df
Y5;u133e0
Y6;u133e1
Y7;u133e2
Y8;u133e3
Z1;u133e4
Z2;u133e5
Z2A;u133e6
Z2B;u133e7
Z2C;u133e8
Z3;u133ea
Z3A;u133eb
Z4;u133ed
Z4A;u133ee
Z5;u133ef
Z5A;u133f0
Z6;u133f1
Z7;u133f2
Z8;u133f3
Z9;u133f4
Z10;u133f5
Z11;u133f6
Z12;u133f7
Z13;u133f8
Z14;u133f9
Z15;u133fa
Z16;u13404
Aa1;u1340d
Aa2;u1340e
Aa3;u1340f
Aa4;u13410
Aa5;u13411
Aa6;u13412
Aa7;u13413
Aa8;u13416
Aa9;u13417
Aa10;u13418
Aa11;u13419
Aa12;u1341a
Aa13;u1341b
Aa14;u1341c
Aa15;u1341d
Aa16;u1341e
Aa17;u1341f
Aa18;u13420
Aa19;u13421
Aa20;u13422
Aa21;u13423
Aa22;u13424
Aa23;u13425
Aa24;u13426
Aa25;u13427
Aa26;u13428
Aa27;u13429
Aa28;u1342a
Aa29;u1342b
Aa30;u1342c
Aa31;u1342d
Aa32;u1342e
Uu1;u13049
Uu2;u1304a
Uu3;u1304f
Uu4;u1306a
Uu5;u1306c
Uu6;u1306d
Uu7;u13097
Uu8;u130ab
Uu9;u130af
Uu10;u130b0
Uu11;u130b1
Uu12;u130b2
Uu13;u130b3
Uu14;u130b4
Uu15;u130b5
Uu16;u130b6
Uu17;u130bc
Uu18;u130c6
Uu19;u130c8
Uu20;u130ca
Uu21;u130cb
Uu22;u130cc
Uu23;u130cd
Uu24;u130ce
Uu25;u130cf
Uu26;u130d0
Uu27;u130d1
Uu28;u130f3
Uu29;u13131
Uu30;u13145
Uu31;u1314d
Uu32;u13169
Uu33;u1316b
Uu34;u13175
Uu35;u13196
Uu36;u131a5
Uu37;u131aa
Uu38;u131ac
Uu39;u131ba
Uu40;u131bf
Uu41;u131c0
Uu42;u131c1
Uu43;u131c2
Uu44;u131c3
Uu45;u131c4
Uu46;u131da
Uu47;u13202
Uu48;u1320a
Uu49;u13220
Uu50;u13221
Uu51;u13222
Uu52;u13223
Uu53;u13224
Uu54;u13225
Uu55;u13226
Uu56;u13227
Uu57;u13228
Uu58;u13229
Uu59;u1322a
Uu60;u1322b
Uu61;u1322c
Uu62;u1322d
Uu63;u1322e
Uu64;u1322f
Uu65;u13230
Uu66;u13231
Uu67;u13232
Uu68;u13233
Uu69;u13234
Uu70;u13235
Uu71;u13236
Uu72;u13237
Uu73;u13238
Uu74;u13239
Uu75;u1323a
Uu76;u1323b
Uu77;u1323c
Uu78;u1323d
Uu79;u1323
Uu80;u132f
Uu81;u1340
Uu82;u1241
Uu83;u3242
Uu84;13243
Uu85u13244
Uu8;u13245
Uu7;u13246
U88;u13247
u89;u13248
Uu90;u13249
Uu91;u1324a
Uu92;u1324b
Uu93;u1324c
Uu94;u1324d
Uu95;u1324e
Uu96;u1324f
Uu97;u13251
Uu98;u13256
Uu99;u1325c
Uu100;u1325d
Uu101;u13262
Uu102;u13263
Uu103;u13264
Uu104;u13277
Uu105;u1327c
Uu106;u1327e
Uu107;u13298
Uu108;u13299
Uu109;u132d8
Uu110;u132f0
Uu111;u132f1
Uu112;u132fb
Uu113;u13339
Uu114;u1333a
Uu115;u13361
Uu116;u13363
Uu117;u13364
Uu118;u13365
Uu119;u13366
Uu120;u13367
Uu121;u13368
Uu122;u13369
Uu123;u1336a
Uu124;u1336b
Uu125;u13373
Uu126;u13374
Uu127;u1337a
Uu128;u1337b
Uu129;u1337d
Uu130;u1337e
Uu131;u13387
Uu132;u13388
Uu133;u13389
Uu134;u1338a
Uu135;u1338b
Uu136;u1338c
Uu137;u1338d
Uu138;u1338e
Uu139;u1338f
Uu140;u13390
Uu141;u13391
Uu142;u13392
Uu143;u133a0
Uu144;u133a5
Uu145;u133aa
Uu146;u133ae
Uu147;u133cd
Uu148;u133da
Uu149;u133dc
Uu150;u133e9
Uu151;u133ec
Uu152;u133fb
Uu153;u133fc
Uu154;u133fd
Uu155;u133fe
Uu156;u133ff
Uu157;u13400
Uu158;u13401
Uu159;u13402
Uu160;u13403
Uu161;u13405
Uu162;u13406
Uu163;u13407
Uu164;u13408
Uu165;u13409
Uu166;u1340a
Uu167;u1340b
Uu168;u1340c
Uu169;u13414
Uu170;u13415